{
  "vite.config.js": 1776506972.5176978,
  "src/main.jsx": 1776506972.518355,
  "src/responsive.js": 1776509352.7786295,
  "src/Monograph.jsx": 1776632770.6999433,
  "AGENTS.md": 1776632992.577105,
  "graphify-out/GRAPH_REPORT.md": 1776633136.5988014
}