{
  "vite.config.js": 1776506972.5176978,
  "src/main.jsx": 1776506972.518355,
  "src/responsive.js": 1776509352.7786295,
  "src/Monograph.jsx": 1776632402.642276,
  "AGENTS.md": 1776632437.4511397
}